Product type,total_sold,stock_total,rotation_media
cosmetics,11757,1525,7.709508196721312
haircare,13611,1644,8.27919708029197
skincare,20731,1608,12.892412935323383
